Handle,Title,Body (HTML),Vendor,Standardized Product Type,Custom Product Type,Tags,Published,Option1 Name,Option1 Value,Option2 Name,Option2 Value,Option3 Name,Option3 Value,Variant SKU,Variant Grams,Variant Inventory Tracker,Variant Inventory Qty,Variant Inventory Policy,Variant Fulfillment Service,Variant Price,Variant Compare At Price,Variant Requires Shipping,Variant Taxable,Variant Barcode,Image Src,Image Position,Image Alt Text,Gift Card,SEO Title,SEO Description,Variant Image,Variant Weight Unit,Status
techno-wireless-noise-cancelling-headphones-pro,TECHNO Wireless Noise-Cancelling Headphones Pro,"<p>Engineered for supreme acoustic fidelity with personalized Spatial Audio, adaptive ANC, and unmatched 40-hour wireless playtime. Precision crafted in lightweight matte composite.</p><ul><li>Active Noise Cancellation (ANC) with Transparency Mode</li><li>Up to 40 Hours of Playback with Fast USB-C Quick Charge</li><li>Custom 40mm Hi-Res Audio Certified Titanium Drivers</li><li>Ergonomic Ultra-Plush Memory Foam Ear Cushions</li></ul>",TECHNO,Electronics > Audio > Headphones,Over-Ear Headphones,"Audio, Best Seller, Bluetooth, Hi-Res, Noise Cancelling, Premium",true,Color,Matte White / Silver,,,,TECH-HP-PRO-WHT,248,shopify,85,deny,manual,199.00,299.00,true,true,850029182011,https://lh3.googleusercontent.com/aida-public/AB6AXuAhzeAfkVnIFbTvX5yZrgkk251E9hSCkp2M3Tn1tOYXoiXBjmcMpqf-hgPIOxHC_e1AyLBA4CoNA1K75G0w001pXRLWovNJbkjW-wiOPU8aL5Afplz6EY8pv-IIGA83yrunIDWXxvwOzxj_62ipNjL6N8CLb-pNQBP1tnJl84S7XOF7n76FfWn2mtgFxafWH6xPMJFSq0_goaPS-xc1_xxKgnoB36GO60vykpjbi3M7,1,TECHNO Wireless Noise-Cancelling Headphones Pro - Matte White,false,TECHNO Wireless Headphones Pro - Premium ANC Audio,Experience flagship sound with 40-hour battery life and custom titanium drivers.,https://lh3.googleusercontent.com/aida-public/AB6AXuAhzeAfkVnIFbTvX5yZrgkk251E9hSCkp2M3Tn1tOYXoiXBjmcMpqf-hgPIOxHC_e1AyLBA4CoNA1K75G0w001pXRLWovNJbkjW-wiOPU8aL5Afplz6EY8pv-IIGA83yrunIDWXxvwOzxj_62ipNjL6N8CLb-pNQBP1tnJl84S7XOF7n76FfWn2mtgFxafWH6xPMJFSq0_goaPS-xc1_xxKgnoB36GO60vykpjbi3M7,g,active
techno-wireless-noise-cancelling-headphones-pro,,,,,,,,,Color,Stealth Black,,,,TECH-HP-PRO-BLK,248,shopify,64,deny,manual,199.00,299.00,true,true,850029182012,https://lh3.googleusercontent.com/aida-public/AB6AXuBrw64PfO2ZJcgO6xZlxLTltn4NcpGdeSPmraI5we3gxeShHtODAJB4y_RwUBtNPAQ4H5EkejyBwYLUgrlc4QieHFUBSdbJwShmaTsDD1DvdccQw-nvL6EBgI5PYejr4HWrXXEbPnk6_qi3Jxl_clEJkAvrTaAb0Nowxnb3-tGJ0LfgS681seampXxeohmYe9ICOcPYl3gAN-5lHg8eqLyCY35mC-WTSaTW8rz2qe3G,2,TECHNO Wireless Headphones Pro - Stealth Black,false,,,,https://lh3.googleusercontent.com/aida-public/AB6AXuBrw64PfO2ZJcgO6xZlxLTltn4NcpGdeSPmraI5we3gxeShHtODAJB4y_RwUBtNPAQ4H5EkejyBwYLUgrlc4QieHFUBSdbJwShmaTsDD1DvdccQw-nvL6EBgI5PYejr4HWrXXEbPnk6_qi3Jxl_clEJkAvrTaAb0Nowxnb3-tGJ0LfgS681seampXxeohmYe9ICOcPYl3gAN-5lHg8eqLyCY35mC-WTSaTW8rz2qe3G,g,active
techno-chrono-ultra-titanium-smartwatch,TECHNO Chrono Ultra Titanium Smartwatch,"<p>Aerospace-grade Grade 5 titanium smartwatch with edge-to-edge Sapphire AMOLED display, dual-band GPS, medical-grade PPG biosensors, and 14-day battery longevity.</p><ul><li>Grade 5 Aerospace Titanium Unibody with Sapphire Crystal Glass</li><li>1.43-inch Always-On AMOLED Retina Display (1,000 nits)</li><li>14-Day Battery Life on a Single Magnetic Charge</li><li>10 ATM Water Resistance (100 meters dive rated)</li><li>Dual-Frequency GPS (L1+L5) with Real-Time Waypoints</li></ul>",TECHNO,Electronics > Communications > Telephony > Smartwatches,Smartwatches,"Best Seller, Chrono, GPS, Sapphire, Smartwatch, Titanium, Watch",true,Finish,Natural Titanium,,,,TECH-WT-ULT-TI,52,shopify,75,deny,manual,349.00,449.00,true,true,850029182301,https://shoaibhussainq18-collab.github.io/141633443434/images/smartwatch-ultra.jpg,1,TECHNO Chrono Ultra Titanium Smartwatch,false,TECHNO Chrono Ultra Titanium Smartwatch,Grade 5 titanium smartwatch with sapphire AMOLED and 14-day battery life.,https://shoaibhussainq18-collab.github.io/141633443434/images/smartwatch-ultra.jpg,g,active
techno-pulse-pro-sport-smartwatch,TECHNO Pulse Pro Ceramic Sport Watch,"<p>Curved borderless OLED sport watch featuring high-temperature ceramic bezel, real-time VO2 Max tracking, apnea sleep analysis, and breathable fluoroelastomer loop strap.</p><ul><li>Curved Borderless OLED Display with Neon Ambient Telemetry Rings</li><li>VO2 Max, Lactate Threshold, and Real-Time Heart Rate Zone Alerts</li><li>5 ATM Water Resistance with Automatic Lap Counting</li><li>Featherweight 34g Ergonomic Chassis</li></ul>",TECHNO,Electronics > Communications > Telephony > Smartwatches,Smartwatches,"Ceramic, Fitness, OLED, Pulse, Smartwatch, Sport, Watch",true,Finish,Onyx Black,,,,TECH-WT-PULSE-BLK,34,shopify,90,deny,manual,179.00,249.00,true,true,850029182310,https://shoaibhussainq18-collab.github.io/141633443434/images/smartwatch-sport.jpg,1,TECHNO Pulse Pro Ceramic Sport Watch,false,TECHNO Pulse Pro Ceramic Sport Watch,Curved borderless OLED sport watch with real-time biometric tracking.,https://shoaibhussainq18-collab.github.io/141633443434/images/smartwatch-sport.jpg,g,active
techno-apex-75-mechanical-keyboard,TECHNO Apex 75 Low-Profile Mechanical Keyboard,"<p>CNC machined aluminum 75% wireless mechanical keyboard. Features hot-swappable low-profile switches, custom acoustic dampening pads, and 1000Hz polling rate.</p><ul><li>CNC Machined 6063 Aerospace Aluminum Frame</li><li>Hot-Swappable Low-Profile Tactile Switches</li><li>Tri-Mode Wireless: 2.4GHz (1000Hz), Bluetooth 5.3, USB-C</li><li>Dual Acoustic PORON Gaskets and IXPE Dampening</li><li>220 Hours Wireless Battery Life</li></ul>",TECHNO,Electronics > Computer Accessories > Keyboards,Mechanical Keyboards,"Aluminum, Desk, Keyboard, Low Profile, Mechanical, Wireless",true,Color,Space Gray Anodized,,,,TECH-KB-APEX75,680,shopify,60,deny,manual,149.00,199.00,true,true,850029182320,https://shoaibhussainq18-collab.github.io/141633443434/images/keyboard-minimal.jpg,1,TECHNO Apex 75 Low-Profile Mechanical Keyboard,false,TECHNO Apex 75 Wireless Mechanical Keyboard,CNC machined aluminum 75% low-profile mechanical keyboard.,https://shoaibhussainq18-collab.github.io/141633443434/images/keyboard-minimal.jpg,g,active
techno-vision-smart-audio-glasses,TECHNO Vision Smart Audio Sunglasses,"<p>Futuristic lightweight polarized smart sunglasses with open-ear directional micro-acoustic drivers embedded in the temples. Enjoy calls and music without ear fatigue.</p><ul><li>Open-Ear Spatial Acoustics with Zero Sound Leakage</li><li>Polarized TAC UV400 Anti-Scratch Lenses</li><li>Dual Microphones with AI Wind-Noise Cancellation</li><li>Capacitive Touch Temple Controls</li><li>Featherweight 43g Ergonomic Frame</li></ul>",TECHNO,Electronics > Audio > Headphones,Smart Wearables,"Audio Glasses, Eyewear, Polarized, Smart, Sunglasses, Wearable",true,Frame,Stealth Matte Black,,,,TECH-GL-VISION,43,shopify,80,deny,manual,189.00,269.00,true,true,850029182330,https://shoaibhussainq18-collab.github.io/141633443434/images/smart-glasses.jpg,1,TECHNO Vision Smart Audio Sunglasses,false,TECHNO Vision Smart Audio Glasses,Directional open-ear acoustics and polarized lenses in a 43g frame.,https://shoaibhussainq18-collab.github.io/141633443434/images/smart-glasses.jpg,g,active
techno-magflow-magnetic-powerbank,TECHNO MagFlow 10,000mAh Magnetic Power Bank,"<p>Minimalist aerospace titanium and frosted glass magnetic wireless power bank. Features glowing numeric LED battery percentage readout and 20W PD two-way fast charging.</p><ul><li>Snap-On MagSafe / Qi2 Compatible Wireless Charging (15W)</li><li>Glowing Micro-LED Percentage Battery Display</li><li>20W Power Delivery 3.0 Fast USB-C Port</li><li>Ultra-Strong 12N Neodymium N52 Magnetic Grip</li></ul>",TECHNO,Electronics Accessories > Power Adapters & Chargers,Power Banks,"Accessories, Battery, MagFlow, MagSafe, Power Bank, Titanium, Wireless",true,Finish,Natural Titanium,,,,TECH-PB-MAG10K,190,shopify,110,deny,manual,59.00,79.00,true,true,850029182340,https://shoaibhussainq18-collab.github.io/141633443434/images/powerbank-mag.jpg,1,TECHNO MagFlow Magnetic Power Bank,false,TECHNO MagFlow 10000mAh Magnetic Power Bank,Titanium and frosted glass snap-on wireless magnetic battery pack.,https://shoaibhussainq18-collab.github.io/141633443434/images/powerbank-mag.jpg,g,active
techno-earphone-pro,TECHNO True Wireless Earbuds,"<p>Lossless wireless in-ear monitors with custom graphene drivers, beamforming quad microphones, and wireless charging case.</p>",TECHNO,Electronics > Audio > Headphones,In-Ear Earphones,"Audio, Best Seller, Earbuds, In-Ear, Wireless",true,Title,Default Title,,,,TECH-EAR-01,48,shopify,90,deny,manual,199.00,299.00,true,true,850029182040,https://lh3.googleusercontent.com/aida-public/AB6AXuAG8qwu8PQm-tsEaM_sK7xqCHzTlMtlSyf9Auh7MOunv2Lwi7T2_L4oy9y6g7c_Z7RYGbRuHRIL1ILRgm4hUJXWiwObkDIZmT7gUAP7oa4Jn3JoI3YkXHFAQP2MUUAasuxP1SKZ3uGtOFlPnxUBV8gaVP-PoxkfFt9cMckizpQJJKLQE7ZFk6cxjuwnQNr_qJNB7A-oFzfC6ewtPJXxKcQ1TawznuYqR9wlHRlkY8-_,1,TECHNO True Wireless Earbuds,false,TECHNO True Wireless Earbuds - Hi-Res Audio,Studio-grade acoustic resolution in an ultra-compact earbud.,,g,active
techno-studio-headphone-air,TECHNO Studio Headphone Air,"<p>Ultra-lightweight open-back reference studio monitor headphones designed for mastering and marathon listening sessions.</p>",TECHNO,Electronics > Audio > Headphones,Over-Ear Headphones,"Audio, Best Seller, Headphones, Studio, Wired/Wireless",true,Title,Default Title,,,,TECH-HP-AIR,210,shopify,45,deny,manual,199.00,299.00,true,true,850029182050,https://lh3.googleusercontent.com/aida-public/AB6AXuDkIbnZpshtyNmE0iWr11pFI9uPaRi-kEOabvsUs72354KDYfTp1dn3EoOzyRXJC1rdgrte2w_yyY-BQU8ecXDdDZKaMQuAyEDshaDka0Lp_wR9oUdEeKnCgftMEpn90K-xuUEshlcNEjenK-opYcwE8-DmRv7BTuAYRnYx1NbSjTtRpd1Cq56mSljRxIxnCX_bH8QExJE2Su0wkKA-yybhGgdBrM3r65GZuaO0m9kP,1,TECHNO Studio Headphone Air,false,TECHNO Studio Headphone Air - Reference Studio Monitors,Exceptional soundstage and acoustic clarity.,,g,active
techno-smartphone-series-one,TECHNO Mobile Series One,"<p>Flagship titanium smartphone featuring clean stock audio OS, dual studio speakers, and high-frequency tactile haptics.</p>",TECHNO,Electronics > Communications > Telephony > Mobile Phones,Smartphones,"Best Seller, Mobile, Phone, Tech, Titanium",true,Title,Default Title,,,,TECH-PH-01,189,shopify,30,deny,manual,799.00,899.00,true,true,850029182060,https://lh3.googleusercontent.com/aida-public/AB6AXuAJhp-rfANYoH0sEVbTkLhXJbTppXYlHw73BGk79mYynjNrmRX-AJVc6V6KetWBWRjDojjBtI6VKH9EBbM1uwx4jsv99kwnRo0Glrq96ecdzOOef0jbwBydpVtPv0xCwakxHsEsOFJWdgq_VxcxQfRS2BrzlXuY9BfCSIg-VjCZL2aMnLs_crlGykvLJ-9hctb02YOu0WNrtifU3egfdn_I2UGaTpyiDk6fVJppe-KP,1,TECHNO Mobile Series One,false,TECHNO Mobile Series One - Titanium Smartphone,Clean minimal design with flagship processing power.,,g,active
techno-ambient-sound-speaker,TECHNO Acoustic 360 Speaker,"<p>Room-filling 360-degree spatial audio speaker with dual passive radiators, anodized aluminum grille, and 24-hour party link.</p>",TECHNO,Electronics > Audio > Audio Components > Speakers,Wireless Speakers,"Audio, Best Seller, Bluetooth, Home, Speaker",true,Title,Default Title,,,,TECH-SPK-360,620,shopify,55,deny,manual,199.00,299.00,true,true,850029182070,https://lh3.googleusercontent.com/aida-public/AB6AXuA-W_rcjQf5aG06Qb1Iv-KAE0yA-Rx9jt-GI0HUUAS8I6GmDHk3kcGmsy8oZaO1b2BjJSL9tioWadPryMF9MbbPPW_jGc2ENahFtbjUgX9b1i9oT6NWbNTPBhAf5sH03TuiIeofYpZirGVZMKgQBRaetp2I-uhcJN-E_B_r6xww6f-jboykMdQjODjceAYV3ayxkjsw7OngAE4bfXX6srj3UXRiI2csvOfChB3sb-LH,1,TECHNO Acoustic 360 Speaker,false,TECHNO Acoustic 360 Speaker - Room-Filling Spatial Sound,Pure acoustic power in a clean cylindrical form factor.,,g,active
techno-studio-anc-plus,TECHNO Studio ANC+ Edition,"<p>Studio-grade active noise cancellation headphones with real-time room calibration and carbon-fiber acoustic chambers.</p>",TECHNO,Electronics > Audio > Headphones,Over-Ear Headphones,"Audio, ANC, Headphone, High-End",true,Title,Default Title,,,,TECH-ANC-PLUS,260,shopify,40,deny,manual,249.00,349.00,true,true,850029182080,https://lh3.googleusercontent.com/aida-public/AB6AXuAKWiKmrwGyImiWkFAT7Tdxt5p-2WkIBkhmGU5rlKvXSTDY8bbjfVYiTlvgiXd29K_QC-dwOtTGrWvUGlMSvhrkjQIgRBQSNLtN4AHkJ4an_pNiLx_tDh4rzyBbQWtTWNuYZ3eKM_AlD-uYeNxM2lHcgcFWntbBfFx8SEouDY4iTlrG7TQ3L5Eqskr6gNUJGDS6gzdscy61JtajMeOuArDJU8rYFtNgf4GztsIZAqSM,1,TECHNO Studio ANC+ Edition,false,TECHNO Studio ANC+ Edition - Carbon Fiber Audio,Pro monitoring acoustics with precision room calibration.,,g,active
techno-wireless-earbuds-anc,TECHNO Aero Pods Wireless,"<p>Ultra-compact ergonomic true wireless earbuds featuring sub-bass boost chamber and IPX7 sweat resistance.</p>",TECHNO,Electronics > Audio > Headphones,In-Ear Earphones,"Audio, Earbuds, Sport, Waterproof, Wireless",true,Title,Default Title,,,,TECH-AERO-01,36,shopify,110,deny,manual,129.00,179.00,true,true,850029182090,https://lh3.googleusercontent.com/aida-public/AB6AXuDh1IgBMLixmfXRjfWHp9PSVT5mPv9rZ36a-CChq9MkYaX2BwKJgYbnM-ZjWjYu5jHIhKzJJs84PPrlTeUYwFsaQrvNqWziYLf0ixkyF7OhorelxtCeCLVPNRQS8Tjx46zQEliwNGITgCxK1R6wSovEuic027_elWMMuDtLQYk9J5RC-PJq_IuyZ7tLUc18iLaHaDY1ii3aXyaTLnmqr3rncIiploDU46yNECEh6cpj,1,TECHNO Aero Pods Wireless,false,TECHNO Aero Pods - Featherweight Hi-Fi Wireless,All-day comfort with active sound passthrough.,,g,active
techno-macbook-pro-dock,TECHNO Precision Aluminum Laptop Stand & Hub,"<p>Aviation-grade aluminum cooling dock with integrated 8-in-1 Thunderbolt 4 hub and 100W Power Delivery pass-through.</p>",TECHNO,Electronics Accessories > Computer Components,Laptop Stands,"Accessories, Aluminum, Desk, Dock, Laptop, Macbook",true,Title,Default Title,,,,TECH-DK-MAC,410,shopify,75,deny,manual,89.00,119.00,true,true,850029182100,https://lh3.googleusercontent.com/aida-public/AB6AXuCx7Jgh1N1qZ284iW8WUK4D0OEI3-jeN5eqhd-tJ9OPSzbC65Bt0-RRi76Fqr2ZrjWDU7G3lT1q7iHXfGanJ5N9eNDMras3ciq48VA3witABMWbQXx2nbfHukyhTlOQ-Fl-x5ycX8FZNBrDw6YKBbsBpV2ZWpevtVh5nEkmoO2QXivJNP8Ck-18R8W34h5n0pdZO98ADFqToh67VLgzZWkEn8KdV-rAgZznhSWyGpSp,1,TECHNO Aluminum Laptop Stand & Hub,false,TECHNO Aluminum Laptop Stand & 8-in-1 Dock,Elevate your workspace with high-speed connectivity and passive cooling.,,g,active
techno-magnetic-travel-case,TECHNO Magnetic Travel Case,"<p>Molded ballistic nylon protective travel case with quick magnetic latch and integrated cable organizer pouch.</p>",TECHNO,Electronics Accessories > Audio Accessories,Cases,"Accessories, Case, Protection, Travel",true,Title,Default Title,,,,TECH-CASE-01,130,shopify,120,deny,manual,39.00,49.00,true,true,850029182020,https://lh3.googleusercontent.com/aida-public/AB6AXuAt6zaJzvIbUuI7To-98uJpJp5-9RT8--CMqTBc5QkB_YmXSLq1eSo3Pi4Pp2QBFRGzN3TpsgnczhH9i9b96KLilstYsfqrpG-GDpH0ggJRdOanU0Xd92CyKmZDDkdCk18ReP8U_KBMNpp44SqKbwM_xiWci870q9PdLLihVrB5w6W4TVNKwNfGIgjOiSwPxW1oN6N2kPmbfMBCWZnnzp1iyYXRmr_VZ2xUwpaSjdSf,1,TECHNO Magnetic Travel Case,false,TECHNO Magnetic Travel Case - Rugged Hardshell,Engineered precision fit for TECHNO Wireless Pro headphones.,,g,active
techno-65w-gan-fast-charger,TECHNO 65W GaN Fast Charger,"<p>Ultra-compact Gallium Nitride (GaN) fast wall charger with dual USB-C Power Delivery 3.0 ports.</p>",TECHNO,Electronics Accessories > Power Adapters & Chargers,Chargers,"Accessories, Charger, Fast Charging, GaN, Power",true,Title,Default Title,,,,TECH-CHG-65W,95,shopify,200,deny,manual,29.00,39.00,true,true,850029182030,https://lh3.googleusercontent.com/aida-public/AB6AXuBUuK-w8kpF5b6vQunu6nIVXOlBsp5EiMfu5vqoy-6PwuVUdPPN-28ElvZfF3Nvrrr-fhnEbcncLrcIqLVnBwej9U-pZvlpcckomCMPWxUwcvA4i6xQHxFCXsFlNH7XzR4HkNbv3yRaFiwWEEh-hBClRoeJxFn7ChJnLsCBn9o6w7fOq-bg5t8sAd4Isa8xiWSG7-2gmPfdIk9xXzWxD533fRNIhYD-DVHH2sI1sajy,1,TECHNO 65W GaN Fast Charger,false,TECHNO 65W GaN Dual-Port Fast Charger,Fast charge your headphones and laptop simultaneously.,,g,active
